{"cameraMode":{"drawMode":0,"name":"Shaded","section":"Shading Mode"},"sceneLighting":true,"audioPlay":false,"sceneViewState":{"m_AlwaysRefresh":false,"showFog":true,"showSkybox":true,"showFlares":true,"showImageEffects":true,"showParticleSystems":true,"showVisualEffectGraphs":true,"m_FxEnabled":true},"in2DMode":false,"pivot":{"x":-0.41349905729293826,"y":0.5670909285545349,"z":-0.0997624397277832},"rotation":{"x":0.2034543752670288,"y":-0.011749141849577427,"z":0.00244169682264328,"w":0.9790145754814148},"size":1.320112705230713,"orthographic":true}