{"cameraMode":{"drawMode":0,"name":"Shaded","section":"Shading Mode"},"sceneLighting":true,"audioPlay":false,"sceneViewState":{"m_AlwaysRefresh":false,"showFog":true,"showSkybox":true,"showFlares":true,"showImageEffects":true,"showParticleSystems":true,"showVisualEffectGraphs":true,"m_FxEnabled":true},"in2DMode":false,"pivot":{"x":0.40960147976875307,"y":0.07356622070074082,"z":-0.9011868238449097},"rotation":{"x":0.5219103693962097,"y":0.4775267541408539,"z":-0.5163059234619141,"w":0.482710063457489},"size":0.7290982604026794,"orthographic":true}